Onnea hääparille!	Congratulations to the wedding couple!
Kaunis seremonia.	A beautiful ceremony.
Morsian on upea.	The bride is stunning.
Sulhanen on todella onnellisen näköinen.	The groom looks so happy.
Missä juhlat pidetään?	Where is the reception being held?
Tämä on ihana paikka häille.	This is a lovely venue for a wedding.
Milloin kakku leikataan?	When will the cake be cut?
Voinko ottaa kuvan teistä?	Can I take a picture of you?
Tanssitaanko?	Shall we dance?
Mikä on teidän lahjanne?	What is your gift?
Kirjoitetaan vieraskirjaan.	Let's write in the guestbook.
Ruoka on herkullista.	The food is delicious.
Häävalssi on niin romanttinen.	The wedding waltz is so romantic.
Toivon heille kaikkea hyvää.	I wish them all the best.
Kippis hääparille!	A toast to the newlyweds!
Onko tämä istumapaikka vapaa?	Is this seat taken?
Oletteko morsiamen vai sulhasen sukua?	Are you relatives of the bride or the groom?
Tunnen morsiamen lapsuudesta asti.	I've known the bride since childhood.
Olemme sulhasen opiskelukavereita.	We are the groom's friends from university.
Tämä on elämäni parhaita häitä.	This is one of the best weddings I've ever been to.
Ihana puku sinulla.	You have a lovely dress.
Mistä ostit tuon puvun?	Where did you buy that suit?
Onnea ja rakkautta tulevaisuuteen.	Happiness and love for the future.
Puheet olivat todella koskettavia.	The speeches were very touching.
Kuka nappasi morsiuskimpun?	Who caught the bridal bouquet?
Bändi soittaa hyvin.	The band is playing well.
Toivottavasti heillä on upea häämatka.	I hope they have a wonderful honeymoon.
Minulla on niin hauskaa.	I'm having so much fun.
Juhlitaan aamuun asti!	Let's celebrate until morning!
On aika heittää riisiä.	It's time to throw rice.
He ovat täydellinen pari.	They are a perfect couple.
On kunnia olla täällä tänään.	It's an honor to be here today.
Milloin häätanssi alkaa?	When does the wedding dance start?
Tarvitsen lasin vettä.	I need a glass of water.
Mennään onnittelemaan heitä henkilökohtaisesti.	Let's go congratulate them personally.
Koristelut ovat todella kauniita.	The decorations are really beautiful.
Kuka on bestman?	Who is the best man?
Kuka on kaaso?	Who is the maid of honor?
Heidän rakkaustarinansa on niin kaunis.	Their love story is so beautiful.
Kuinka kauan olette olleet yhdessä?	How long have you been together?
Tämä on päivä, jota muistellaan ikuisesti.	This is a day to be remembered forever.
Morsiusneidot näyttävät upeilta.	The bridesmaids look gorgeous.
Sulhaspojat ovat tyylikkäitä.	The groomsmen are stylish.
Onko avoin baari?	Is it an open bar?
Mitä juomaa haluaisit?	What drink would you like?
Malja rakkaudelle ja onnelle!	A toast to love and happiness!
Tämä laulu on minun suosikkini.	This song is my favorite.
Muistakaa ottaa paljon valokuvia.	Remember to take lots of photos.
Lapset ovat niin suloisia kukkapoikina ja -tyttöinä.	The children are so sweet as page boys and flower girls.
Sormukset ovat kauniit.	The rings are beautiful.
He sanoivat "tahdon".	They said "I do".
Olen niin onnellinen heidän puolestaan.	I am so happy for them.
Mikä ihana sää hääpäivälle.	What lovely weather for a wedding day.
Toivottavasti ei sada.	I hope it doesn't rain.
Juhlat jatkuvat myöhään yöhön.	The party will continue late into the night.
Missä on vessa?	Where is the restroom?
Laitetaan lahja lahjapöytään.	Let's put the gift on the gift table.
Onko teillä jotain erityistoiveita lahjaksi?	Did you have any specific gift wishes?
Häämatka suuntautuu Italiaan.	The honeymoon will be in Italy.
He tapasivat toisensa yhteisten ystävien kautta.	They met through mutual friends.
Tämä on todella tunteellinen hetki.	This is a very emotional moment.
Älä unohda hakea hääkarkkia.	Don't forget to get some wedding candy.
Onko kuljetus järjestetty juhlapaikalle?	Is transportation arranged to the reception venue?
Kirkko oli niin kauniisti koristeltu.	The church was so beautifully decorated.
Pappi piti hienon puheen.	The priest gave a great speech.
Olen odottanut tätä päivää pitkään.	I have been waiting for this day for a long time.
Heidän onnensa on käsinkosketeltavaa.	Their happiness is tangible.
Mitä mieltä olet hääkakusta?	What do you think of the wedding cake?
Se on perinteinen kermakakku.	It's a traditional cream cake.
Tuleeko vielä jotain ohjelmaa?	Will there be more program?
Hääleikit ovat aina hauskoja.	Wedding games are always fun.
Kuka piti parhaan puheen?	Who gave the best speech?
Morsiamen isän puhe oli liikuttava.	The father of the bride's speech was moving.
Tämä on suuri juhlan aihe.	This is a great cause for celebration.
Voinko pyytää sinut tanssimaan?	May I ask you for a dance?
Tämä on hidastempoinen kappale.	This is a slow song.
Nautitaan illasta.	Let's enjoy the evening.
Otan palan kakkua, kiitos.	I'll have a piece of cake, please.
Onko kahvia tarjolla?	Is there coffee available?
He näyttävät niin rakastuneilta.	They look so in love.
Tämä on todellakin satumainen häät.	This is truly a fairytale wedding.
Mitä pidit musiikista?	What did you think of the music?
DJ soittaa hyviä kappaleita.	The DJ is playing good songs.
On aika lähteä kotiin.	It's time to go home.
Kiitos ihanista juhlista!	Thank you for the lovely party!
Toivotan teille elinikäistä onnea.	I wish you a lifetime of happiness.
Muistakaa vaalia toisianne.	Remember to cherish one another.
Rakkaus on kaunis asia.	Love is a beautiful thing.
Eläköön hääpari!	Long live the wedding couple!
Jätetäänkö yhteinen lahja?	Shall we leave a joint gift?
Hääauto on upeasti koristeltu.	The wedding car is beautifully decorated.
He lähtevät nyt häämatkalle.	They are leaving for their honeymoon now.
Heilutetaan heille hyvästiksi.	Let's wave goodbye to them.
Oli ihana nähdä sinua pitkästä aikaa.	It was lovely to see you after a long time.
Pidetään yhteyttä.	Let's keep in touch.
Tämä oli unohtumaton päivä.	This was an unforgettable day.
Onnea vielä kerran!	Congratulations once more!
Kaikkea hyvää yhteiselle taipaleellenne.	All the best for your journey together.
Muistakaa aina tämä päivä.	Always remember this day.
Tämä juhla on täynnä iloa ja naurua.	This celebration is full of joy and laughter.
